"PDB ID","Res Name","Chain","Res ID","Mutant Pos","Mutant Chain","Expt. pKa","Std deviation","Expt. method","Expt. salt conc","Expt. pH","Expt. temp","Reference"
"5E3F","LYS","A","92","I92K","A","5.3","0.2","NMR","N/A","4.0-10.0","298 K","https://www.pnas.org/content/108/13/5260"
"3HZX","LYS","A","66","V66K","A","5.6","0.2","NMR","N/A","4.0-10.0","298 K","https://www.pnas.org/content/108/13/5260"
"3C1E","LYS","A","125","L125K","A","6.2","0.2","NMR","N/A","4.0-10.0","298 K","https://www.pnas.org/content/108/13/5260"
"3ERQ","LYS","A","25","L25K","A","6.3","0.2","NMR","N/A","4.0-10.0","298 K","https://www.pnas.org/content/108/13/5260"
"4HMI","LYS","A","99","V99K","A","6.5","0.2","NMR","N/A","4.0-10.0","298 K","https://www.pnas.org/content/108/13/5260"
"3ITP","LYS","A","34","F34K","A","7.1","0.2","NMR","N/A","4.0-10.0","298 K","https://www.pnas.org/content/108/13/5260"
"3EJI","LYS","A","36","L36K","A","7.2","0.2","NMR","N/A","4.0-10.0","298 K","https://www.pnas.org/content/108/13/5260"
"3QOJ","LYS","A","23","V23K","A","7.3","0.2","NMR","N/A","4.0-10.0","298 K","https://www.pnas.org/content/108/13/5260"
"3RUZ","LYS","A","74","V74K","A","7.4","0.2","NMR","N/A","4.0-10.0","298 K","https://www.pnas.org/content/108/13/5260"
"3C1F","LYS","A","104","V104K","A","7.7","0.2","NMR","N/A","4.0-10.0","298 K","https://www.pnas.org/content/108/13/5260"
"3DMU","LYS","A","62","T62K","A","8.1","0.2","NMR","N/A","4.0-10.0","298 K","https://www.pnas.org/content/108/13/5260"
"3E5S","LYS","A","103","L103K","A","8.2","0.2","NMR","N/A","4.0-10.0","298 K","https://www.pnas.org/content/108/13/5260"
"2RBM","LYS","A","72","I72K","A","8.6","0.2","NMR","N/A","4.0-10.0","298 K","https://www.pnas.org/content/108/13/5260"
"2RKS","LYS","A","38","L38K","A","10.4","0.2","NMR","N/A","4.0-10.0","298 K","https://www.pnas.org/content/108/13/5260"
"3BDC","LYS","A","90","A90K","A","8.6","0.2","NMR","N/A","4.0-10.0","298 K","https://www.pnas.org/content/108/13/5260"
"3BDC","LYS","A","100","N100K","A","8.6","0.2","NMR","N/A","4.0-10.0","298 K","https://www.pnas.org/content/108/13/5260"
"3BDC","LYS","A","39","V39K","A","9","0.2","NMR","N/A","4.0-10.0","298 K","https://www.pnas.org/content/108/13/5260"
"3BDC","LYS","A","91","Y91K","A","9","0.2","NMR","N/A","4.0-10.0","298 K","https://www.pnas.org/content/108/13/5260"
"3BDC","LYS","A","109","A109K","A","9.2","0.2","NMR","N/A","4.0-10.0","298 K","https://www.pnas.org/content/108/13/5260"
"3BDC","LYS","A","41","T41K","A","9.3","0.2","NMR","N/A","4.0-10.0","298 K","https://www.pnas.org/content/108/13/5260"
"3BDC","LYS","A","20","G20K","A","10.4","0.2","NMR","N/A","4.0-10.0","298 K","https://www.pnas.org/content/108/13/5260"
"3BDC","LYS","A","37","L37K","A","10.4","0.2","NMR","N/A","4.0-10.0","298 K","https://www.pnas.org/content/108/13/5260"
"3BDC","LYS","A","58","A58K","A","10.4","0.2","NMR","N/A","4.0-10.0","298 K","https://www.pnas.org/content/108/13/5260"
"3BDC","LYS","A","118","N118K","A","10.4","0.2","NMR","N/A","4.0-10.0","298 K","https://www.pnas.org/content/108/13/5260"
"3BDC","LYS","A","132","A132K","A","10.4","0.2","NMR","N/A","4.0-10.0","298 K","https://www.pnas.org/content/108/13/5260"
"3BDC","GLU","A","34","F34E","A","7.3","0.2","NMR","100 mM","5.0-12.0","293 K","https://www.ncbi.nlm.nih.gov/pmc/articles/PMC2941338/"
"3BDC","ASP","A","20","G20D","A","<4.0","N/A","N/A","N/A","N/A","N/A","https://github.com/sobolevnrm/pkacoop"
"3BDC","GLU","A","20","G20E","A","<4.5","N/A","N/A","N/A","N/A","N/A","https://github.com/sobolevnrm/pkacoop"
"3BDC","ASP","A","25","L25D","A","6.8","N/A","N/A","N/A","N/A","N/A","https://github.com/sobolevnrm/pkacoop"
"3BDC","ASP","A","36","L36D","A","7.9","N/A","N/A","N/A","N/A","N/A","https://github.com/sobolevnrm/pkacoop"
"3BDC","ASP","A","37","L37D","A","<4.0","N/A","N/A","N/A","N/A","N/A","https://github.com/sobolevnrm/pkacoop"
"3BDC","ASP","A","23","V23D","A","6.8","N/A","N/A","N/A","N/A","N/A","https://github.com/sobolevnrm/pkacoop"
"3BDC","GLU","A","23","V23E","A","7.1","0.2","NMR","100 mM","5.0-12.0","293 K","https://www.ncbi.nlm.nih.gov/pmc/articles/PMC2941338/"
"3EVQ","GLU","A","25","L25E","A","7.5","0.2","NMR","100 mM","5.0-12.0","293 K","https://www.ncbi.nlm.nih.gov/pmc/articles/PMC2941338/"
"3D6C","GLU","A","38","L38E","A","7","0.1","NMR","100 mM","2.0-9.0","298 K","https://www.ncbi.nlm.nih.gov/pubmed/19324049"
"3D6C","GLU","A","38","L38E/D77N","A","6.1","0.1","NMR","100 mM","2.0-9.0","298 K","https://www.ncbi.nlm.nih.gov/pubmed/19324049"
"3D6C","GLU","A","38","L38E/E122Q","A","6.2","0.1","NMR","100 mM","2.0-9.0","298 K","https://www.ncbi.nlm.nih.gov/pubmed/19324049"
"3D6C","GLU","A","38","L38E/E122D","A","7.4","0.1","NMR","100 mM","2.0-9.0","298 K","https://www.ncbi.nlm.nih.gov/pubmed/19324049"
"3D6C","GLU","A","38","L38E/R126Q","A","7.2","0.1","NMR","100 mM","2.0-9.0","298 K","https://www.ncbi.nlm.nih.gov/pubmed/19324049"
"3D6C","ASP","A","38","L38D","A","6.5","0.1","NMR","100 mM","2.0-9.0","298 K","https://www.ncbi.nlm.nih.gov/pubmed/19324049"
"3D6C","HIS","A","8","L38E","A","6.5","0.1","NMR","100 mM","2.0-9.0","298 K","https://www.ncbi.nlm.nih.gov/pubmed/19324049"
"3D6C","HIS","A","8","L38E/E122Q","A","6.4","0.1","NMR","100 mM","2.0-9.0","298 K","https://www.ncbi.nlm.nih.gov/pubmed/19324049"
"3D6C","HIS","A","8","L38D","A","6.5","0.1","NMR","100 mM","2.0-9.0","298 K","https://www.ncbi.nlm.nih.gov/pubmed/19324049"
"3D6C","HIS","A","121","L38E","A","5.7","0.1","NMR","100 mM","2.0-9.0","298 K","https://www.ncbi.nlm.nih.gov/pubmed/19324049"
"3D6C","HIS","A","121","L38E/E122Q","A","5.7","0.1","NMR","100 mM","2.0-9.0","298 K","https://www.ncbi.nlm.nih.gov/pubmed/19324049"
"3D6C","HIS","A","121","L38D","A","5.7","0.1","NMR","100 mM","2.0-9.0","298 K","https://www.ncbi.nlm.nih.gov/pubmed/19324049"
"3BDC","ASP","A","66","L36E","A","8.7","0.2","NMR","100 mM","5.0-12.0","293 K","https://www.ncbi.nlm.nih.gov/pmc/articles/PMC2941338/"
"1U9R","GLU","A","66","V66E","A","8.5","0.2","NMR","100 mM","5.0-12.0","293 K","https://www.ncbi.nlm.nih.gov/pmc/articles/PMC2941338/"
"3ERO","GLU","A","72","I72E","A","7.3","0.2","NMR","100 mM","5.0-12.0","293 K","https://www.ncbi.nlm.nih.gov/pmc/articles/PMC2941338/"
"2OXP","ASP","A","66","V66D","A","8.7","0.03","Potentiometric titration","100 mM","6.55-11.35","298 K","https://www.ncbi.nlm.nih.gov/pubmed/17172297"
"3D4D","GLU","A","91","Y91E","A","7.1","0.2","NMR","100 mM","5.0-12.0","293 K","https://www.ncbi.nlm.nih.gov/pmc/articles/PMC2941338/"
"2OEO","ASP","A","92","I92D","A","7.5","","N/A","N/A","N/A","N/A","https://www.ncbi.nlm.nih.gov/pmc/articles/PMC3213318/"
"1TQ0","GLU","A","92","I92E","A","9","0.2","NMR","100 mM","5.0-12.0","293 K","https://www.ncbi.nlm.nih.gov/pmc/articles/PMC2941338/"
"1TT2","LYS","A","92","I92K","A","5.3","0.2","NMR","N/A","4.0-10.0","298 K","https://www.pnas.org/content/108/13/5260"
"3P75","ASP","A","104","V104D","A","9.7","","N/A","N/A","N/A","N/A","https://www.ncbi.nlm.nih.gov/pmc/articles/PMC3213318/"
"3H6M","GLU","A","104","V104E","A","9.4","0.2","NMR","100 mM","5.0-12.0","293 K","https://www.ncbi.nlm.nih.gov/pmc/articles/PMC2941338/"
"3DHQ","LYS","A","90","A90K","A","8.6","0.2","NMR","N/A","4.0-10.0","298 K","https://www.pnas.org/content/108/13/5260"
"1NTI","CYS","A","46","M46C","A","8.2","0.1","NMR","50 mM","7.0-10.0","298 K","https://www.ncbi.nlm.nih.gov/pubmed/24673564"
"1NTI","CYS","A","65","S65C","A","9","0.1","NMR","50 mM","7.0-10.0","298 K","https://www.ncbi.nlm.nih.gov/pubmed/24673564"
"1NTI","CYS","A","17","T17C","A","9.8","0.1","NMR","50 mM","7.0-10.0","298 K","https://www.ncbi.nlm.nih.gov/pubmed/24673564"
"1NTI","CYS","A","36","V36C","A","9.5","0.1","NMR","50 mM","7.0-10.0","298 K","https://www.ncbi.nlm.nih.gov/pubmed/24673564"
"1NTI","CYS","A","78","E78C","A","9.6","0.1","NMR","50 mM","7.0-10.0","298 K","https://www.ncbi.nlm.nih.gov/pubmed/24673564"
"1NTI","CYS","A","86","I86C","A","9.9","0.2","NMR","50 mM","7.0-10.0","298 K","https://www.ncbi.nlm.nih.gov/pubmed/24673564"
"1I0E","CYS","A","283","S285A","A","6.7","0.1","Spectrophotometric titration","30 mM","N/A","303 K","https://pubs.acs.org/doi/abs/10.1021/bi011208f"
"2MGE","CYS","A","124","G124C","A","6.53","0.05","N/A","N/A","N/A","N/A","https://pubs.acs.org/doi/abs/10.1021/acs.jctc.6b00631"
"2MGE","CYS","A","125","A125C","A","8.43","0.03","N/A","N/A","N/A","N/A","https://pubs.acs.org/doi/abs/10.1021/acs.jctc.6b00631"
"2L90","CYS","A","72","E115Q","A","8.2","0.1","NMR","200 mM","5.0-10.5","310 K","https://www.ncbi.nlm.nih.gov/pubmed/22661719"
"1YPT","CYS","A","403","H402A","A","7.35","","Reaction kinetics","0.15 M","4.0-6.5","298 K","https://pubs.acs.org/doi/abs/10.1021/bi00087a012"
"1I7K","CYS","A","102","C114S","A","10.9","0.2","UV spectrophotometry","N/A","6.0-12.0","303 K","https://pubs.acs.org/doi/abs/10.1021/bi0514459"
"1I7K","CYS","A","114","C102S","A","10.9","0.2","UV spectrophotometry","N/A","6.0-12.0","303 K","https://pubs.acs.org/doi/abs/10.1021/bi0514459"
"1KVU","TYR","A","149","S124A","A","6.71","0.06","Potentiometric titration","600 mM","5.5-10.5","300 K","https://www.ncbi.nlm.nih.gov/pubmed/9271498"
"1KVU","TYR","A","150","S124V","A","6.86","0.17","Potentiometric titration","600 mM","5.5-10.5","300 K","https://www.ncbi.nlm.nih.gov/pubmed/9271498"
"1KVU","TYR","A","151","S124T","A","6.28","0.08","Potentiometric titration","600 mM","5.5-10.5","300 K","https://www.ncbi.nlm.nih.gov/pubmed/9271498"
"1DE3","HIS","A","35","E96Q","A","6.3","0.2","NMR","0.2 M","3.0-8.5","308 K","https://pubs.acs.org/doi/abs/10.1021/bi0349773"
"1DE3","HIS","A","36","E96Q","A","7.3","0.2","NMR","0.2 M","3.0-8.5","308 K","https://pubs.acs.org/doi/abs/10.1021/bi0349773"
"1DE3","HIS","A","50","E96Q","A","6.4","0.2","NMR","0.2 M","3.0-8.5","308 K","https://pubs.acs.org/doi/abs/10.1021/bi0349773"
"1DE3","HIS","A","92","E96Q","A","7.2","0.1","NMR","0.2 M","3.0-8.5","308 K","https://pubs.acs.org/doi/abs/10.1021/bi0349773"
"1DE3","HIS","A","137","E96Q","A","5.9","0.1","NMR","0.2 M","3.0-8.5","308 K","https://pubs.acs.org/doi/abs/10.1021/bi0349773"
"1DE3","HIS","A","150","E96Q","A","7.9","0.1","NMR","0.2 M","3.0-8.5","308 K","https://pubs.acs.org/doi/abs/10.1021/bi0349773"
"1DE3","HIS","A","35","H50Q","A","6.2","0.2","NMR","0.2 M","3.0-8.5","308 K","https://pubs.acs.org/doi/abs/10.1021/bi0349773"
"1DE3","HIS","A","82","H50Q","A","7.4","0.1","NMR","0.2 M","3.0-8.5","308 K","https://pubs.acs.org/doi/abs/10.1021/bi0349773"
"1DE3","HIS","A","92","H50Q","A","7.3","0.1","NMR","0.2 M","3.0-8.5","308 K","https://pubs.acs.org/doi/abs/10.1021/bi0349773"
"1DE3","GLU","A","96","H50Q","A","5","0.1","NMR","0.2 M","3.0-8.5","308 K","https://pubs.acs.org/doi/abs/10.1021/bi0349773"
"1DE3","HIS","A","137","H50Q","A","6.1","0.1","NMR","0.2 M","3.0-8.5","308 K","https://pubs.acs.org/doi/abs/10.1021/bi0349773"
"1DE3","HIS","A","150","H50Q","A","7.3","0.1","NMR","0.2 M","3.0-8.5","308 K","https://pubs.acs.org/doi/abs/10.1021/bi0349773"
"1DE3","HIS","A","35","H137Q","A","6.3","0.2","NMR","0.2 M","3.0-8.5","308 K","https://pubs.acs.org/doi/abs/10.1021/bi0349773"
"1DE3","HIS","A","50","H137Q","A",">8","N/A","NMR","0.2 M","3.0-8.5","308 K","https://pubs.acs.org/doi/abs/10.1021/bi0349773"
"1DE3","HIS","A","82","H137Q","A","7.4","0.1","NMR","0.2 M","3.0-8.5","308 K","https://pubs.acs.org/doi/abs/10.1021/bi0349773"
"1DE3","HIS","A","92","H137Q","A","7.1","0.1","NMR","0.2 M","3.0-8.5","308 K","https://pubs.acs.org/doi/abs/10.1021/bi0349773"
"1DE3","GLU","A","96","H137Q","A","5.7","0.1","NMR","0.2 M","3.0-8.5","308 K","https://pubs.acs.org/doi/abs/10.1021/bi0349773"
"1DE3","HIS","A","104","H137Q","A","6.6","0.2","NMR","0.2 M","3.0-8.5","308 K","https://pubs.acs.org/doi/abs/10.1021/bi0349773"
"1DE3","HIS","A","150","H137Q","A","7.7","0.1","NMR","0.2 M","3.0-8.5","308 K","https://pubs.acs.org/doi/abs/10.1021/bi0349773"
"1DE3","HIS","A","35","H50/137Q","A","6.3","0.2","NMR","0.2 M","3.0-8.5","308 K","https://pubs.acs.org/doi/abs/10.1021/bi0349773"
"1DE3","HIS","A","36","H50/137Q","A","7.3","0.2","NMR","0.2 M","3.0-8.5","308 K","https://pubs.acs.org/doi/abs/10.1021/bi0349773"
"1DE3","HIS","A","82","H50/137Q","A","7","0.1","NMR","0.2 M","3.0-8.5","308 K","https://pubs.acs.org/doi/abs/10.1021/bi0349773"
"1DE3","HIS","A","92","H50/137Q","A","7.4","0.1","NMR","0.2 M","3.0-8.5","308 K","https://pubs.acs.org/doi/abs/10.1021/bi0349773"
"1DE3","GLU","A","96","H50/137Q","A","5.4","0.1","NMR","0.2 M","3.0-8.5","308 K","https://pubs.acs.org/doi/abs/10.1021/bi0349773"
"1DE3","HIS","A","104","H50/137Q","A","7.3","0.2","NMR","0.2 M","3.0-8.5","308 K","https://pubs.acs.org/doi/abs/10.1021/bi0349773"
"1DE3","HIS","A","150","H50/137Q","A","7.6","0.1","NMR","0.2 M","3.0-8.5","308 K","https://pubs.acs.org/doi/abs/10.1021/bi0349773"
"3D6C","ASP","A","19","L38E","A","<2.5","0.1","NMR","100 mM","2.0-9.0","298 K","https://www.ncbi.nlm.nih.gov/pubmed/19324049"
"3D6C","ASP","A","21","L38E","A","6.6","0.1","NMR","100 mM","2.0-9.0","298 K","https://www.ncbi.nlm.nih.gov/pubmed/19324049"
"3D6C","ASP","A","40","L38E","A","3.9","0.1","NMR","100 mM","2.0-9.0","298 K","https://www.ncbi.nlm.nih.gov/pubmed/19324049"
"3D6C","ASP","A","77","L38E","A","<2.5","0.1","NMR","100 mM","2.0-9.0","298 K","https://www.ncbi.nlm.nih.gov/pubmed/19324049"
"3D6C","ASP","A","83","L38E","A","<2.5","0.1","NMR","100 mM","2.0-9.0","298 K","https://www.ncbi.nlm.nih.gov/pubmed/19324049"
"3D6C","ASP","A","95","L38E","A","2.3","0.1","NMR","100 mM","2.0-9.0","298 K","https://www.ncbi.nlm.nih.gov/pubmed/19324049"
"3D6C","ASP","A","143","L38E","A","3.8","0.1","NMR","100 mM","2.0-9.0","298 K","https://www.ncbi.nlm.nih.gov/pubmed/19324049"
"3D6C","ASP","A","146","L38E","A","3.9","0.1","NMR","100 mM","2.0-9.0","298 K","https://www.ncbi.nlm.nih.gov/pubmed/19324049"
"3D6C","GLU","A","10","L38E","A","3.1","0.1","NMR","100 mM","2.0-9.0","298 K","https://www.ncbi.nlm.nih.gov/pubmed/19324049"
"3D6C","GLU","A","43","L38E","A","4.4","0.1","NMR","100 mM","2.0-9.0","298 K","https://www.ncbi.nlm.nih.gov/pubmed/19324049"
"3D6C","GLU","A","52","L38E","A","4","0.1","NMR","100 mM","2.0-9.0","298 K","https://www.ncbi.nlm.nih.gov/pubmed/19324049"
"3D6C","GLU","A","57","L38E","A","3.6","0.1","NMR","100 mM","2.0-9.0","298 K","https://www.ncbi.nlm.nih.gov/pubmed/19324049"
"3D6C","GLU","A","67","L38E","A","3.8","0.1","NMR","100 mM","2.0-9.0","298 K","https://www.ncbi.nlm.nih.gov/pubmed/19324049"
"3D6C","GLU","A","73","L38E","A","3.4","0.1","NMR","100 mM","2.0-9.0","298 K","https://www.ncbi.nlm.nih.gov/pubmed/19324049"
"3D6C","GLU","A","75","L38E","A","3.3","0.1","NMR","100 mM","2.0-9.0","298 K","https://www.ncbi.nlm.nih.gov/pubmed/19324049"
"3D6C","GLU","A","101","L38E","A","3.9","0.1","NMR","100 mM","2.0-9.0","298 K","https://www.ncbi.nlm.nih.gov/pubmed/19324049"
"3D6C","GLU","A","122","L38E","A","3.9","0.1","NMR","100 mM","2.0-9.0","298 K","https://www.ncbi.nlm.nih.gov/pubmed/19324049"
"3D6C","GLU","A","129","L38E","A","3.8","0.1","NMR","100 mM","2.0-9.0","298 K","https://www.ncbi.nlm.nih.gov/pubmed/19324049"
"3D6C","GLU","A","135","L38E","A","3.8","0.1","NMR","100 mM","2.0-9.0","298 K","https://www.ncbi.nlm.nih.gov/pubmed/19324049"
"3D6C","GLU","A","142","L38E","A","4.5","0.1","NMR","100 mM","2.0-9.0","298 K","https://www.ncbi.nlm.nih.gov/pubmed/19324049"
"2RKS","ASP","A","19","L38K","A","<2.5","0.1","NMR","100 mM","2.0-9.0","298 K","https://www.ncbi.nlm.nih.gov/pubmed/19324049"
"2RKS","ASP","A","21","L38K","A","6.5","0.1","NMR","100 mM","2.0-9.0","298 K","https://www.ncbi.nlm.nih.gov/pubmed/19324049"
"2RKS","ASP","A","40","L38K","A","3.8","0.1","NMR","100 mM","2.0-9.0","298 K","https://www.ncbi.nlm.nih.gov/pubmed/19324049"
"2RKS","ASP","A","83","L38K","A","<2.5","0.1","NMR","100 mM","2.0-9.0","298 K","https://www.ncbi.nlm.nih.gov/pubmed/19324049"
"2RKS","ASP","A","95","L38K","A","2.1","0.1","NMR","100 mM","2.0-9.0","298 K","https://www.ncbi.nlm.nih.gov/pubmed/19324049"
"2RKS","ASP","A","143","L38K","A","4","0.1","NMR","100 mM","2.0-9.0","298 K","https://www.ncbi.nlm.nih.gov/pubmed/19324049"
"2RKS","ASP","A","146","L38K","A","4","0.1","NMR","100 mM","2.0-9.0","298 K","https://www.ncbi.nlm.nih.gov/pubmed/19324049"
"2RKS","GLU","A","10","L38K","A","3.1","0.1","NMR","100 mM","2.0-9.0","298 K","https://www.ncbi.nlm.nih.gov/pubmed/19324049"
"2RKS","GLU","A","43","L38K","A","4.5","0.1","NMR","100 mM","2.0-9.0","298 K","https://www.ncbi.nlm.nih.gov/pubmed/19324049"
"2RKS","GLU","A","52","L38K","A","4.1","0.1","NMR","100 mM","2.0-9.0","298 K","https://www.ncbi.nlm.nih.gov/pubmed/19324049"
"2RKS","GLU","A","57","L38K","A","3.6","0.1","NMR","100 mM","2.0-9.0","298 K","https://www.ncbi.nlm.nih.gov/pubmed/19324049"
"2RKS","GLU","A","67","L38K","A","3.9","0.1","NMR","100 mM","2.0-9.0","298 K","https://www.ncbi.nlm.nih.gov/pubmed/19324049"
"2RKS","GLU","A","73","L38K","A","3.3","0.1","NMR","100 mM","2.0-9.0","298 K","https://www.ncbi.nlm.nih.gov/pubmed/19324049"
"2RKS","GLU","A","101","L38K","A","3.9","0.1","NMR","100 mM","2.0-9.0","298 K","https://www.ncbi.nlm.nih.gov/pubmed/19324049"
"2RKS","GLU","A","122","L38K","A","3.9","0.1","NMR","100 mM","2.0-9.0","298 K","https://www.ncbi.nlm.nih.gov/pubmed/19324049"
"2RKS","GLU","A","129","L38K","A","3.8","0.1","NMR","100 mM","2.0-9.0","298 K","https://www.ncbi.nlm.nih.gov/pubmed/19324049"
"2RKS","GLU","A","135","L38K","A","3.9","0.1","NMR","100 mM","2.0-9.0","298 K","https://www.ncbi.nlm.nih.gov/pubmed/19324049"
"2RKS","GLU","A","142","L38K","A","4.6","0.1","NMR","100 mM","2.0-9.0","298 K","https://www.ncbi.nlm.nih.gov/pubmed/19324049"
"2LKV","GLU","A","104","V104E","A","9.4","0.2","NMR","100 mM","5.0-12.0","293 K","https://www.ncbi.nlm.nih.gov/pmc/articles/PMC2941338/"
"2LKV","GLU","A","125","L125E","A","9.1","0.2","NMR","100 mM","5.0-12.0","293 K","https://www.ncbi.nlm.nih.gov/pmc/articles/PMC2941338/"
"2LKV","GLU","A","92","I92E","A","9","0.2","NMR","100 mM","5.0-12.0","293 K","https://www.ncbi.nlm.nih.gov/pmc/articles/PMC2941338/"
"2LKV","GLU","A","103","L103E","A","8.9","0.2","NMR","100 mM","5.0-12.0","293 K","https://www.ncbi.nlm.nih.gov/pmc/articles/PMC2941338/"
"2LKV","GLU","A","36","L36E","A","8.7","0.2","NMR","100 mM","5.0-12.0","293 K","https://www.ncbi.nlm.nih.gov/pmc/articles/PMC2941338/"
"2LKV","GLU","A","66","V66E","A","8.5","0.2","NMR","100 mM","5.0-12.0","293 K","https://www.ncbi.nlm.nih.gov/pmc/articles/PMC2941338/"
"2LKV","GLU","A","99","V99E","A","8.4","0.2","NMR","100 mM","5.0-12.0","293 K","https://www.ncbi.nlm.nih.gov/pmc/articles/PMC2941338/"
"2LKV","GLU","A","39","V39E","A","8.2","0.2","NMR","100 mM","5.0-12.0","293 K","https://www.ncbi.nlm.nih.gov/pmc/articles/PMC2941338/"
"2LKV","GLU","A","109","A109E","A","7.9","0.2","NMR","100 mM","5.0-12.0","293 K","https://www.ncbi.nlm.nih.gov/pmc/articles/PMC2941338/"
"2LKV","GLU","A","74","V74E","A","7.8","0.2","NMR","100 mM","5.0-12.0","293 K","https://www.ncbi.nlm.nih.gov/pmc/articles/PMC2941338/"
"2LKV","GLU","A","58","A58E","A","7.7","0.2","NMR","100 mM","5.0-12.0","293 K","https://www.ncbi.nlm.nih.gov/pmc/articles/PMC2941338/"
"2LKV","GLU","A","62","T62E","A","7.7","0.2","NMR","100 mM","5.0-12.0","293 K","https://www.ncbi.nlm.nih.gov/pmc/articles/PMC2941338/"
"2LKV","GLU","A","100","N100E","A","7.6","0.2","NMR","100 mM","5.0-12.0","293 K","https://www.ncbi.nlm.nih.gov/pmc/articles/PMC2941338/"
"2LKV","GLU","A","25","L25E","A","7.5","0.2","NMR","100 mM","5.0-12.0","293 K","https://www.ncbi.nlm.nih.gov/pmc/articles/PMC2941338/"
"2LKV","GLU","A","34","F34E","A","7.3","0.2","NMR","100 mM","5.0-12.0","293 K","https://www.ncbi.nlm.nih.gov/pmc/articles/PMC2941338/"
"2LKV","GLU","A","72","I72E","A","7.3","0.2","NMR","100 mM","5.0-12.0","293 K","https://www.ncbi.nlm.nih.gov/pmc/articles/PMC2941338/"
"2LKV","GLU","A","23","V23E","A","7.1","0.2","NMR","100 mM","5.0-12.0","293 K","https://www.ncbi.nlm.nih.gov/pmc/articles/PMC2941338/"
"2LKV","GLU","A","91","Y91E","A","7.1","0.2","NMR","100 mM","5.0-12.0","293 K","https://www.ncbi.nlm.nih.gov/pmc/articles/PMC2941338/"
"2LKV","GLU","A","132","A132E","A","7","0.2","NMR","100 mM","5.0-12.0","293 K","https://www.ncbi.nlm.nih.gov/pmc/articles/PMC2941338/"
"2LKV","GLU","A","38","L38E","A","6.8","0.2","NMR","100 mM","5.0-12.0","293 K","https://www.ncbi.nlm.nih.gov/pmc/articles/PMC2941338/"
"2LKV","GLU","A","41","T41E","A","6.8","0.2","NMR","100 mM","5.0-12.0","293 K","https://www.ncbi.nlm.nih.gov/pmc/articles/PMC2941338/"
"2LKV","GLU","A","90","A90E","A","6.4","0.2","NMR","100 mM","5.0-12.0","293 K","https://www.ncbi.nlm.nih.gov/pmc/articles/PMC2941338/"
"2LKV","GLU","A","37","L37E","A","5.2","0.2","NMR","100 mM","5.0-12.0","293 K","https://www.ncbi.nlm.nih.gov/pmc/articles/PMC2941338/"
"2LKV","GLU","A","20","G20E","A","4.5","0.2","NMR","100 mM","5.0-12.0","293 K","https://www.ncbi.nlm.nih.gov/pmc/articles/PMC2941338/"
"2LKV","GLU","A","118","N118E","A","4.5","0.2","NMR","100 mM","5.0-12.0","293 K","https://www.ncbi.nlm.nih.gov/pmc/articles/PMC2941338/"
"1B2V","HIS","A","17","Y75A","A",">8.5","N/A","NMR","0.1 M","4.9-9.0","303 K","https://www.ncbi.nlm.nih.gov/pubmed/11910020"
"1B2V","HIS","A","32","Y75A","A","7.5","N/A","NMR","0.1 M","4.9-9.0","303 K","https://www.ncbi.nlm.nih.gov/pubmed/11910020"
"1B2V","HIS","A","83","Y75A","A","7","N/A","NMR","0.1 M","4.9-9.0","303 K","https://www.ncbi.nlm.nih.gov/pubmed/11910020"
"1B2V","HIS","A","128","Y75A","A","7.2","N/A","NMR","0.1 M","4.9-9.0","303 K","https://www.ncbi.nlm.nih.gov/pubmed/11910020"
"1B2V","HIS","A","133","Y75A","A","<5.7","N/A","NMR","0.1 M","4.9-9.0","303 K","https://www.ncbi.nlm.nih.gov/pubmed/11910020"
"1B2V","HIS","A","179","Y75A","A","7.2","N/A","NMR","0.1 M","4.9-9.0","303 K","https://www.ncbi.nlm.nih.gov/pubmed/11910020"
"1DUI","HIS","A","64","D99S","A","6.88","0.02","Reaction kinetics","0.1 M","6.1-8.0","298 K","https://www.ncbi.nlm.nih.gov/pubmed/3302273"
"1DUI","HIS","A","64","E156S","A","6.92","0.03","Reaction kinetics","0.1 M","6.1-8.0","298 K","https://www.ncbi.nlm.nih.gov/pubmed/3302273"
"1STN","HIS","A","8","K9A","A","6.73","0.01","NMR","0.1 M","3.0-8.5","298 K","https://www.ncbi.nlm.nih.gov/pubmed/18499123"
"1STN","HIS","A","46","K9A","A","6.47","0.02","NMR","0.1 M","3.0-8.5","298 K","https://www.ncbi.nlm.nih.gov/pubmed/18499123"
"1STN","HIS","A","121","K9A","A","5.48","0.04","NMR","0.1 M","3.0-8.5","298 K","https://www.ncbi.nlm.nih.gov/pubmed/18499123"
"1STN","HIS","A","124","K9A","A","5.67","0.02","NMR","0.1 M","3.0-8.5","298 K","https://www.ncbi.nlm.nih.gov/pubmed/18499123"
"1STN","HIS","A","8","E73A","A","6.47","0.01","NMR","0.1 M","3.0-8.5","298 K","https://www.ncbi.nlm.nih.gov/pubmed/18499123"
"1STN","HIS","A","46","E73A","A","6.51","0.02","NMR","0.1 M","3.0-8.5","298 K","https://www.ncbi.nlm.nih.gov/pubmed/18499123"
"1STN","HIS","A","121","E73A","A","5.24","0.02","NMR","0.1 M","3.0-8.5","298 K","https://www.ncbi.nlm.nih.gov/pubmed/18499123"
"1STN","HIS","A","124","E73A","A","5.63","0.02","NMR","0.1 M","3.0-8.5","298 K","https://www.ncbi.nlm.nih.gov/pubmed/18499123"
"2RDF","HIS","A","8","E75A","A","6.3","0.01","NMR","0.1 M","3.0-8.5","298 K","https://www.ncbi.nlm.nih.gov/pubmed/18499123"
"2RDF","HIS","A","46","E75A","A","6.42","0.01","NMR","0.1 M","3.0-8.5","298 K","https://www.ncbi.nlm.nih.gov/pubmed/18499123"
"2RDF","HIS","A","121","E75A","A","4.24","0.02","NMR","0.1 M","3.0-8.5","298 K","https://www.ncbi.nlm.nih.gov/pubmed/18499123"
"2RDF","HIS","A","124","E75A","A","5.64","0.03","NMR","0.1 M","3.0-8.5","298 K","https://www.ncbi.nlm.nih.gov/pubmed/18499123"
"2QDB","HIS","A","8","E75Q","A","6.18","0.03","NMR","0.1 M","3.0-8.5","298 K","https://www.ncbi.nlm.nih.gov/pubmed/18499123"
"2QDB","HIS","A","46","E75Q","A","6.49","0.01","NMR","0.1 M","3.0-8.5","298 K","https://www.ncbi.nlm.nih.gov/pubmed/18499123"
"2QDB","HIS","A","121","E75Q","A","4.03","0.2","NMR","0.1 M","3.0-8.5","298 K","https://www.ncbi.nlm.nih.gov/pubmed/18499123"
"2QDB","HIS","A","124","E75Q","A","5.71","0.03","NMR","0.1 M","3.0-8.5","298 K","https://www.ncbi.nlm.nih.gov/pubmed/18499123"
"1STN","HIS","A","8","D77A","A","6.44","0.03","NMR","0.1 M","3.0-8.5","298 K","https://www.ncbi.nlm.nih.gov/pubmed/18499123"
"1STN","HIS","A","46","D77A","A","6.43","0.03","NMR","0.1 M","3.0-8.5","298 K","https://www.ncbi.nlm.nih.gov/pubmed/18499123"
"1STN","HIS","A","121","D77A","A","5.89","0.05","NMR","0.1 M","3.0-8.5","298 K","https://www.ncbi.nlm.nih.gov/pubmed/18499123"
"1STN","HIS","A","124","D77A","A","5.77","0.03","NMR","0.1 M","3.0-8.5","298 K","https://www.ncbi.nlm.nih.gov/pubmed/18499123"
"1STN","HIS","A","8","D77N","A","6.29","0.02","NMR","0.1 M","3.0-8.5","298 K","https://www.ncbi.nlm.nih.gov/pubmed/18499123"
"1STN","HIS","A","46","D77N","A","6.53","0.04","NMR","0.1 M","3.0-8.5","298 K","https://www.ncbi.nlm.nih.gov/pubmed/18499123"
"1STN","HIS","A","121","D77N","A","5.77","0.05","NMR","0.1 M","3.0-8.5","298 K","https://www.ncbi.nlm.nih.gov/pubmed/18499123"
"1STN","HIS","A","124","D77N","A","5.81","0.04","NMR","0.1 M","3.0-8.5","298 K","https://www.ncbi.nlm.nih.gov/pubmed/18499123"
"1STN","HIS","A","8","Y91A","A","6.42","0.04","NMR","0.1 M","3.0-8.5","298 K","https://www.ncbi.nlm.nih.gov/pubmed/18499123"
"1STN","HIS","A","46","Y91A","A","6.52","0.03","NMR","0.1 M","3.0-8.5","298 K","https://www.ncbi.nlm.nih.gov/pubmed/18499123"
"1STN","HIS","A","121","Y91A","A","5.32","0.07","NMR","0.1 M","3.0-8.5","298 K","https://www.ncbi.nlm.nih.gov/pubmed/18499123"
"1STN","HIS","A","124","Y91A","A","5.82","0.04","NMR","0.1 M","3.0-8.5","298 K","https://www.ncbi.nlm.nih.gov/pubmed/18499123"
"1STN","HIS","A","8","Y91F","A","6.36","0.03","NMR","0.1 M","3.0-8.5","298 K","https://www.ncbi.nlm.nih.gov/pubmed/18499123"
"1STN","HIS","A","46","Y91F","A","6.39","0.04","NMR","0.1 M","3.0-8.5","298 K","https://www.ncbi.nlm.nih.gov/pubmed/18499123"
"1STN","HIS","A","121","Y91F","A","6.04","0.08","NMR","0.1 M","3.0-8.5","298 K","https://www.ncbi.nlm.nih.gov/pubmed/18499123"
"1STN","HIS","A","124","Y91F","A","5.65","0.04","NMR","0.1 M","3.0-8.5","298 K","https://www.ncbi.nlm.nih.gov/pubmed/18499123"
"1STN","HIS","A","8","Y93A","A","6.45","0.03","NMR","0.1 M","3.0-8.5","298 K","https://www.ncbi.nlm.nih.gov/pubmed/18499123"
"1STN","HIS","A","46","Y93A","A","6.48","0.03","NMR","0.1 M","3.0-8.5","298 K","https://www.ncbi.nlm.nih.gov/pubmed/18499123"
"1STN","HIS","A","121","Y93A","A","5.94","0.02","NMR","0.1 M","3.0-8.5","298 K","https://www.ncbi.nlm.nih.gov/pubmed/18499123"
"1STN","HIS","A","124","Y93A","A","5.68","0.04","NMR","0.1 M","3.0-8.5","298 K","https://www.ncbi.nlm.nih.gov/pubmed/18499123"
"1STN","HIS","A","8","Y93F","A","6.46","0.03","NMR","0.1 M","3.0-8.5","298 K","https://www.ncbi.nlm.nih.gov/pubmed/18499123"
"1STN","HIS","A","46","Y93F","A","6.42","0.02","NMR","0.1 M","3.0-8.5","298 K","https://www.ncbi.nlm.nih.gov/pubmed/18499123"
"1STN","HIS","A","121","Y93F","A","4","0.02","NMR","0.1 M","3.0-8.5","298 K","https://www.ncbi.nlm.nih.gov/pubmed/18499123"
"1STN","HIS","A","124","Y93F","A","5.52","0.02","NMR","0.1 M","3.0-8.5","298 K","https://www.ncbi.nlm.nih.gov/pubmed/18499123"
"1STN","HIS","A","8","E101A","A","6.49","0.01","NMR","0.1 M","3.0-8.5","298 K","https://www.ncbi.nlm.nih.gov/pubmed/18499123"
"1STN","HIS","A","46","E101A","A","6.4","0.01","NMR","0.1 M","3.0-8.5","298 K","https://www.ncbi.nlm.nih.gov/pubmed/18499123"
"1STN","HIS","A","121","E101A","A","5.26","0.04","NMR","0.1 M","3.0-8.5","298 K","https://www.ncbi.nlm.nih.gov/pubmed/18499123"
"1STN","HIS","A","124","E101A","A","5.04","0.01","NMR","0.1 M","3.0-8.5","298 K","https://www.ncbi.nlm.nih.gov/pubmed/18499123"
"1STN","HIS","A","8","K127A","A","6.51","0.01","NMR","0.1 M","3.0-8.5","298 K","https://www.ncbi.nlm.nih.gov/pubmed/18499123"
"1STN","HIS","A","46","K127A","A","6.45","0.02","NMR","0.1 M","3.0-8.5","298 K","https://www.ncbi.nlm.nih.gov/pubmed/18499123"
"1STN","HIS","A","121","K127A","A","5.3","0.02","NMR","0.1 M","3.0-8.5","298 K","https://www.ncbi.nlm.nih.gov/pubmed/18499123"
"1STN","HIS","A","124","K127A","A","5.99","0.04","NMR","0.1 M","3.0-8.5","298 K","https://www.ncbi.nlm.nih.gov/pubmed/18499123"
"1STN","HIS","A","8","S128A","A","6.53","0.02","NMR","0.1 M","3.0-8.5","298 K","https://www.ncbi.nlm.nih.gov/pubmed/18499123"
"1STN","HIS","A","46","S128A","A","6.49","0.02","NMR","0.1 M","3.0-8.5","298 K","https://www.ncbi.nlm.nih.gov/pubmed/18499123"
"1STN","HIS","A","121","S128A","A","5.25","0.03","NMR","0.1 M","3.0-8.5","298 K","https://www.ncbi.nlm.nih.gov/pubmed/18499123"
"1STN","HIS","A","124","S128A","A","5.71","0.03","NMR","0.1 M","3.0-8.5","298 K","https://www.ncbi.nlm.nih.gov/pubmed/18499123"
"1LE2","LYS","A","69","R158C","A","10.1","0.1","NMR","N/A","7.0-12.0","310 K","https://www.ncbi.nlm.nih.gov/pubmed/11369796"
"1LE2","LYS","A","72","R158C","A","10","0.1","NMR","N/A","7.0-12.0","310 K","https://www.ncbi.nlm.nih.gov/pubmed/11369796"
"1LE2","LYS","A","75","R158C","A","10","0.1","NMR","N/A","7.0-12.0","310 K","https://www.ncbi.nlm.nih.gov/pubmed/11369796"
"1LE2","LYS","A","95","R158C","A","10.2","0.1","NMR","N/A","7.0-12.0","310 K","https://www.ncbi.nlm.nih.gov/pubmed/11369796"
"1LE2","LYS","A","143","R158C","A","9.4","0.1","NMR","N/A","7.0-12.0","310 K","https://www.ncbi.nlm.nih.gov/pubmed/11369796"
"1LE2","LYS","A","146","R158C","A","9.9","0.1","NMR","N/A","7.0-12.0","310 K","https://www.ncbi.nlm.nih.gov/pubmed/11369796"
"1LE2","LYS","A","157","R158C","A","10.9","0.1","NMR","N/A","7.0-12.0","310 K","https://www.ncbi.nlm.nih.gov/pubmed/11369796"
"2SNM","LYS","A","66","V66K","A","5.6","0.2","NMR","N/A","4.0-10.0","298 K","https://www.pnas.org/content/108/13/5260"
"1L98","GLU","A","105","Q105E","A","6","N/A","NMR","0.1 M","4.8-7.5","293 K","https://www.ncbi.nlm.nih.gov/pubmed/8460110"
"1L54","LYS","A","102","M102K","A","6.5","N/A","NMR","0.1 M","2.2-9.0","298 K","https://pubs.acs.org/doi/abs/10.1021/bi00113a006"